{"cameraMode":{"drawMode":0,"name":"Shaded","section":"Shading Mode"},"sceneLighting":false,"audioPlay":false,"sceneViewState":{"showFog":true,"showMaterialUpdate":false,"showSkybox":false,"showFlares":true,"showImageEffects":true,"showParticleSystems":true},"in2DMode":false,"pivot":{"x":-3.637666702270508,"y":0.4628884196281433,"z":13.130607604980469},"rotation":{"x":0.27374324202537539,"y":0.511446475982666,"z":-0.176040917634964,"w":0.7953006625175476},"size":0.15813402831554414,"orthographic":false}