{"cameraMode":{"drawMode":0,"name":"Shaded","section":"Shading Mode"},"sceneLighting":false,"audioPlay":false,"sceneViewState":{"showFog":true,"showMaterialUpdate":false,"showSkybox":false,"showFlares":true,"showImageEffects":true,"showParticleSystems":true},"in2DMode":false,"pivot":{"x":0.3543872535228729,"y":1.2167240381240845,"z":-0.6573331356048584},"rotation":{"x":0.4856487810611725,"y":0.023867357522249223,"z":-0.013266687281429768,"w":0.8737349510192871},"size":0.15595339238643647,"orthographic":false}