{"cameraMode":{"drawMode":0,"name":"Shaded","section":"Shading Mode"},"sceneLighting":true,"audioPlay":false,"sceneViewState":{"showFog":true,"showMaterialUpdate":false,"showSkybox":true,"showFlares":true,"showImageEffects":true,"showParticleSystems":true},"in2DMode":false,"pivot":{"x":-2.9392919540405275,"y":1.9268430471420289,"z":14.797000885009766},"rotation":{"x":0.24420100450515748,"y":-0.5818167924880981,"z":0.18881863355636598,"w":0.752470850944519},"size":0.8981198668479919,"orthographic":false}