{"cameraMode":{"drawMode":0,"name":"Shaded","section":"Shading Mode"},"sceneLighting":true,"audioPlay":false,"sceneViewState":{"showFog":true,"showMaterialUpdate":false,"showSkybox":true,"showFlares":true,"showImageEffects":true,"showParticleSystems":true},"in2DMode":false,"pivot":{"x":-3.1693716049194338,"y":2.237107038497925,"z":12.458857536315918},"rotation":{"x":-0.20497764647006989,"y":0.6307263374328613,"z":-0.17782805860042573,"w":-0.7270164489746094},"size":0.8981198668479919,"orthographic":false}