{"cameraMode":{"drawMode":0,"name":"Shaded","section":"Shading Mode"},"sceneLighting":true,"audioPlay":false,"sceneViewState":{"showFog":true,"showMaterialUpdate":false,"showSkybox":true,"showFlares":true,"showImageEffects":true,"showParticleSystems":true},"in2DMode":false,"pivot":{"x":-9.262978553771973,"y":-18.203857421875,"z":-0.5293017029762268},"rotation":{"x":0.07778283208608628,"y":-0.894562840461731,"z":0.4052913784980774,"w":0.17167878150939942},"size":13.022601127624512,"orthographic":false}