{"cameraMode":{"drawMode":0,"name":"Shaded","section":"Shading Mode"},"sceneLighting":true,"audioPlay":false,"sceneViewState":{"showFog":true,"showMaterialUpdate":false,"showSkybox":true,"showFlares":true,"showImageEffects":true,"showParticleSystems":true},"in2DMode":false,"pivot":{"x":-3.10693359375,"y":1.4059921503067017,"z":12.58702278137207},"rotation":{"x":-0.40176719427108767,"y":0.5008918642997742,"z":-0.2823587954044342,"w":-0.7127171754837036},"size":0.8981198668479919,"orthographic":false}