{"cameraMode":{"drawMode":0,"name":"Shaded","section":"Shading Mode"},"sceneLighting":false,"audioPlay":false,"sceneViewState":{"showFog":true,"showMaterialUpdate":false,"showSkybox":false,"showFlares":true,"showImageEffects":true,"showParticleSystems":true},"in2DMode":false,"pivot":{"x":-14.882737159729004,"y":2.957717180252075,"z":-9.647072792053223},"rotation":{"x":-0.13771268725395204,"y":0.31052103638648989,"z":-0.04538949951529503,"w":-0.9395480155944824},"size":0.000021981106328894384,"orthographic":false}