{"cameraMode":{"drawMode":0,"name":"Shaded","section":"Shading Mode"},"sceneLighting":false,"audioPlay":false,"sceneViewState":{"showFog":true,"showMaterialUpdate":false,"showSkybox":false,"showFlares":true,"showImageEffects":true,"showParticleSystems":true},"in2DMode":false,"pivot":{"x":1.2870283126831055,"y":1.9911103248596192,"z":-4.338425159454346},"rotation":{"x":0.001030605286359787,"y":0.9899052381515503,"z":-0.043246664106845859,"w":0.14470340311527253},"size":4.314608573913574,"orthographic":false}