{"cameraMode":{"drawMode":0,"name":"Shaded","section":"Shading Mode"},"sceneLighting":false,"audioPlay":false,"sceneViewState":{"showFog":true,"showMaterialUpdate":false,"showSkybox":false,"showFlares":true,"showImageEffects":true,"showParticleSystems":true},"in2DMode":false,"pivot":{"x":0.10998322814702988,"y":-0.7633453011512756,"z":0.34326252341270449},"rotation":{"x":0.4474867284297943,"y":0.3534226417541504,"z":-0.19838561117649079,"w":0.79719078540802},"size":0.5381588339805603,"orthographic":false}