{"cameraMode":{"drawMode":0,"name":"Shaded","section":"Shading Mode"},"sceneLighting":false,"audioPlay":false,"sceneViewState":{"showFog":true,"showMaterialUpdate":false,"showSkybox":false,"showFlares":true,"showImageEffects":true,"showParticleSystems":true},"in2DMode":false,"pivot":{"x":-0.47352689504623415,"y":-0.26531997323036196,"z":0.06046859174966812},"rotation":{"x":0.11105911433696747,"y":-0.6172098517417908,"z":0.08852389454841614,"w":0.7739248275756836},"size":0.3499377965927124,"orthographic":false}