{"cameraMode":{"drawMode":0,"name":"Shaded","section":"Shading Mode"},"sceneLighting":false,"audioPlay":false,"sceneViewState":{"showFog":true,"showMaterialUpdate":false,"showSkybox":false,"showFlares":true,"showImageEffects":true,"showParticleSystems":true},"in2DMode":false,"pivot":{"x":-3.0389606952667238,"y":0.2937452495098114,"z":-58.546566009521487},"rotation":{"x":-0.0071589648723602299,"y":0.9875630736351013,"z":-0.15076306462287904,"w":-0.045882608741521838},"size":0.12631145119667054,"orthographic":false}