{"cameraMode":{"drawMode":0,"name":"Shaded","section":"Shading Mode"},"sceneLighting":false,"audioPlay":false,"sceneViewState":{"showFog":true,"showMaterialUpdate":false,"showSkybox":false,"showFlares":true,"showImageEffects":true,"showParticleSystems":true},"in2DMode":false,"pivot":{"x":0.012920522131025792,"y":-0.010300280526280404,"z":0.09019717574119568},"rotation":{"x":-0.03297209367156029,"y":-0.03686557337641716,"z":0.0012419854756444693,"w":-0.9988266229629517},"size":0.0303353238850832,"orthographic":false}