{"cameraMode":{"drawMode":0,"name":"Shaded","section":"Shading Mode"},"sceneLighting":false,"audioPlay":false,"sceneViewState":{"showFog":true,"showMaterialUpdate":false,"showSkybox":false,"showFlares":true,"showImageEffects":true,"showParticleSystems":true},"in2DMode":false,"pivot":{"x":-0.08990097045898438,"y":0.000823974609375,"z":-0.041259765625},"rotation":{"x":-0.0004274261591490358,"y":0.9994818568229675,"z":-0.028492948040366174,"w":-0.014993353746831417},"size":0.8726622462272644,"orthographic":true}