{"cameraMode":{"drawMode":0,"name":"Shaded","section":"Shading Mode"},"sceneLighting":false,"audioPlay":false,"sceneViewState":{"showFog":true,"showMaterialUpdate":false,"showSkybox":false,"showFlares":true,"showImageEffects":true,"showParticleSystems":true},"in2DMode":false,"pivot":{"x":0.4346005618572235,"y":-0.007170793600380421,"z":-0.06864720582962036},"rotation":{"x":-0.1733938604593277,"y":0.8215312957763672,"z":-0.3305707275867462,"w":-0.43126484751701357},"size":0.15595339238643647,"orthographic":false}