{"cameraMode":{"drawMode":0,"name":"Shaded","section":"Shading Mode"},"sceneLighting":false,"audioPlay":false,"sceneViewState":{"showFog":true,"showMaterialUpdate":false,"showSkybox":false,"showFlares":true,"showImageEffects":true,"showParticleSystems":true},"in2DMode":false,"pivot":{"x":-0.13595962524414063,"y":-0.05352020263671875,"z":-0.1861572265625},"rotation":{"x":0.0009104390628635883,"y":0.9990577697753906,"z":-0.03448117896914482,"w":0.026379099115729333},"size":0.4522121250629425,"orthographic":true}