{"cameraMode":{"drawMode":0,"name":"Shaded","section":"Shading Mode"},"sceneLighting":false,"audioPlay":false,"sceneViewState":{"showFog":true,"showMaterialUpdate":false,"showSkybox":false,"showFlares":true,"showImageEffects":true,"showParticleSystems":true},"in2DMode":false,"pivot":{"x":-0.6600977778434753,"y":0.4202519357204437,"z":-1.0987874269485474},"rotation":{"x":-0.07304691523313523,"y":0.03450234234333038,"z":0.0020541695412248375,"w":-0.998120129108429},"size":0.023865127936005594,"orthographic":false}